corpus,char,type,n_test,S_x1,CG_peak,k_peak
shakespeare,'Z',lexical,37,11.9136,5.8913,4
shakespeare,'z',lexical,36,9.972,4.4913,4
shakespeare,'x',lexical,49,9.1009,3.8612,3
shakespeare,'q',lexical,46,9.1171,2.8799,7
shakespeare,'j',lexical,40,8.8467,2.7945,7
shakespeare,'v',lexical,695,5.7067,2.5356,3
shakespeare,'V',lexical,52,8.6319,2.5075,7
shakespeare,'!',structural,258,8.2246,2.4812,6
shakespeare,'k',lexical,694,6.0448,2.3624,3
shakespeare,'?',structural,290,8.0271,2.1831,6
shakespeare,'K',lexical,167,8.101,1.9371,7
shakespeare,"""'""",structural,626,7.1486,1.88,4
shakespeare,';',structural,397,7.4954,1.8098,5
shakespeare,'P',lexical,441,7.2065,1.6315,3
shakespeare,'.',structural,925,6.3355,1.3474,4
shakespeare,'p',lexical,988,5.6518,1.3257,3
shakespeare,'g',lexical,1264,4.8126,1.3144,3
shakespeare,'y',lexical,2048,4.843,1.3134,3
shakespeare,'f',lexical,1465,5.0463,1.3013,3
shakespeare,'d',lexical,2896,3.8652,1.2661,3
shakespeare,"','",structural,2140,4.9574,1.1828,3
shakespeare,'c',lexical,1481,5.2851,1.1524,3
shakespeare,'B',lexical,343,6.385,1.1301,3
shakespeare,'u',lexical,2529,3.8769,1.106,3
shakespeare,'S',lexical,475,6.8296,1.0607,3
shakespeare,'l',lexical,3100,4.1155,1.0002,3
shakespeare,'o',lexical,6277,3.4438,0.9332,2
shakespeare,'m',lexical,2275,4.53,0.9188,3
shakespeare,'G',lexical,210,6.2218,0.8754,2
shakespeare,'r',lexical,4618,3.502,0.8295,3
shakespeare,':',structural,1272,4.651,0.8201,2
shakespeare,'t',lexical,6625,3.3107,0.717,3
shakespeare,'w',lexical,1829,4.5558,0.7092,3
shakespeare,'D',lexical,148,5.8791,0.636,2
shakespeare,'Y',lexical,70,5.8581,0.6315,2
shakespeare,'W',lexical,318,4.2038,0.6115,2
shakespeare,'b',lexical,1085,5.0439,0.5817,3
shakespeare,'s',lexical,4876,3.8148,0.5789,3
shakespeare,'h',lexical,4920,2.4609,0.5228,2
shakespeare,'a',lexical,5789,3.8273,0.4913,3
shakespeare,'i',lexical,4553,4.0625,0.4597,3
shakespeare,'n',lexical,4712,3.2017,0.4177,3
shakespeare,'T',lexical,1044,4.4347,0.3689,2
shakespeare,'e',lexical,9115,2.5371,0.2961,3
shakespeare,'F',lexical,106,5.325,0.1333,2
shakespeare,'R',lexical,634,5.6453,0.0494,3
shakespeare,'M',lexical,225,5.7505,0.0481,3
shakespeare,'A',lexical,1171,4.8934,-0.0954,2
shakespeare,'H',lexical,417,4.429,-0.1203,2
shakespeare,'I',lexical,1491,4.8474,-0.1909,3
shakespeare,'L',lexical,279,5.5092,-0.4664,7
shakespeare,'E',lexical,474,4.4399,-0.5596,4
shakespeare,'U',lexical,256,5.2347,-0.6672,4
shakespeare,'C',lexical,340,3.9385,-1.0783,3
shakespeare,'O',lexical,920,4.6337,-1.175,5
shakespeare,'N',lexical,696,3.9908,-1.3194,2
pride_prej,'z',lexical,133,5.3732,4.3722,3
pride_prej,'C',lexical,70,7.4018,4.1342,5
pride_prej,'x',lexical,87,6.9625,3.9116,2
pride_prej,'!',structural,61,9.8516,3.5675,7
pride_prej,'k',lexical,308,6.8873,3.475,3
pride_prej,'?',structural,87,9.6091,3.1257,8
pride_prej,'D',lexical,69,7.7048,3.0619,4
pride_prej,'Y',lexical,67,7.4961,2.7169,2
pride_prej,'v',lexical,580,5.8162,2.6895,3
pride_prej,'T',lexical,97,6.6633,2.5868,2
pride_prej,'H',lexical,67,6.9475,2.5797,2
pride_prej,'j',lexical,47,7.8254,2.4706,3
pride_prej,'q',lexical,59,8.7135,2.4701,6
pride_prej,'N',lexical,32,8.4314,2.4481,4
pride_prej,'B',lexical,115,6.9267,2.4412,4
pride_prej,'A',lexical,65,6.9577,2.3671,3
pride_prej,'S',lexical,43,7.8362,2.3401,2
pride_prej,'W',lexical,46,7.1879,2.3113,2
pride_prej,';',structural,152,7.912,1.933,4
pride_prej,'g',lexical,987,4.5441,1.7822,3
pride_prej,'y',lexical,1435,5.0217,1.7048,3
pride_prej,'E',lexical,98,7.1904,1.655,4
pride_prej,'p',lexical,819,5.4138,1.6437,3
pride_prej,'c',lexical,1212,4.9779,1.6349,3
pride_prej,'.',structural,651,5.9255,1.5425,3
pride_prej,'f',lexical,1162,4.8062,1.4995,3
pride_prej,'d',lexical,2030,4.0212,1.4856,3
pride_prej,'b',lexical,820,5.1282,1.3403,3
pride_prej,'u',lexical,1683,3.8755,1.2545,3
pride_prej,'m',lexical,1376,4.921,1.2338,3
pride_prej,"','",structural,943,5.2564,1.2023,3
pride_prej,'l',lexical,2149,4.1464,1.2011,3
pride_prej,'o',lexical,4267,3.5575,1.1108,2
pride_prej,'t',lexical,4569,3.4288,1.0933,3
pride_prej,'L',lexical,121,7.4304,1.0842,8
pride_prej,'I',lexical,381,5.2681,1.0051,3
pride_prej,'r',lexical,3182,3.4337,0.9458,3
pride_prej,'s',lexical,3124,3.8312,0.8717,3
pride_prej,'w',lexical,1148,4.4326,0.8296,3
pride_prej,'n',lexical,3655,3.0,0.7178,3
pride_prej,'h',lexical,3234,2.7414,0.6571,3
pride_prej,'i',lexical,3488,3.7742,0.613,3
pride_prej,'M',lexical,133,6.0226,0.5485,3
pride_prej,'a',lexical,4031,3.3684,0.4702,3
pride_prej,'e',lexical,6689,2.3872,0.3314,2
python_stdlib,'&',structural,41,12.3512,5.7264,6
python_stdlib,'%',structural,104,9.0454,5.6021,2
python_stdlib,'K',lexical,70,11.7661,5.4869,8
python_stdlib,'Z',lexical,68,13.5031,5.4612,8
python_stdlib,'@',structural,119,11.3377,5.2631,7
python_stdlib,'V',lexical,129,10.3363,4.4903,5
python_stdlib,'B',lexical,89,11.4606,4.2818,8
python_stdlib,'W',lexical,66,11.2252,4.1468,8
python_stdlib,'|',structural,45,11.2169,3.9581,6
python_stdlib,'{',structural,229,9.7844,3.3513,3
python_stdlib,'q',lexical,115,8.7361,3.0873,3
python_stdlib,'+',structural,166,9.1607,3.0348,3
python_stdlib,'z',lexical,270,7.1219,2.9702,3
python_stdlib,'G',lexical,242,10.2188,2.8369,8
python_stdlib,'}',structural,229,9.2642,2.8163,5
python_stdlib,'j',lexical,143,4.8228,2.7301,2
python_stdlib,'3',lexical,102,9.8202,2.7058,5
python_stdlib,'k',lexical,906,6.0484,2.5291,3
python_stdlib,'<',structural,131,8.554,2.52,3
python_stdlib,'[',structural,642,8.7506,2.4828,4
python_stdlib,'E',lexical,634,6.6618,2.4386,6
python_stdlib,'A',lexical,320,8.082,2.3347,5
python_stdlib,'4',lexical,88,9.259,2.2532,5
python_stdlib,'g',lexical,2285,5.8171,2.2323,3
python_stdlib,'9',lexical,50,9.5248,2.1867,8
python_stdlib,'y',lexical,1748,5.9847,2.18,3
python_stdlib,'>',structural,113,6.9027,2.1672,3
python_stdlib,'*',structural,322,7.776,2.1493,5
python_stdlib,'N',lexical,768,6.9725,2.1469,3
python_stdlib,'F',lexical,303,8.5883,2.1369,3
python_stdlib,'f',lexical,6996,4.1097,2.0714,3
python_stdlib,'L',lexical,162,8.7354,1.9525,5
python_stdlib,'M',lexical,146,8.9323,1.9518,3
python_stdlib,'-',structural,264,8.3875,1.9342,2
python_stdlib,'=',structural,3159,5.9919,1.925,3
python_stdlib,'x',lexical,677,6.307,1.8798,3
python_stdlib,'T',lexical,632,7.9384,1.8431,4
python_stdlib,'O',lexical,182,7.2983,1.8288,3
python_stdlib,'/',structural,102,9.0766,1.8123,8
python_stdlib,'u',lexical,3360,5.2089,1.7994,3
python_stdlib,'w',lexical,1274,7.0749,1.7937,3
python_stdlib,'P',lexical,161,8.7826,1.7385,8
python_stdlib,']',structural,642,6.7428,1.7198,2
python_stdlib,'m',lexical,3274,4.9727,1.6915,3
python_stdlib,'l',lexical,7814,4.0607,1.6796,3
python_stdlib,'(',structural,4258,5.7705,1.6665,3
python_stdlib,'U',lexical,160,8.9697,1.592,4
python_stdlib,'D',lexical,185,8.6154,1.5436,7
python_stdlib,'.',structural,3618,4.3116,1.5358,3
python_stdlib,'X',lexical,33,7.7791,1.53,2
python_stdlib,'I',lexical,306,7.7592,1.4817,5
python_stdlib,'h',lexical,1767,4.6605,1.4363,3
python_stdlib,'5',lexical,98,7.7279,1.3902,2
python_stdlib,'v',lexical,867,7.1684,1.374,4
python_stdlib,'b',lexical,1338,6.1862,1.3284,3
python_stdlib,'0',lexical,612,5.9961,1.2993,2
python_stdlib,'1',lexical,590,7.2604,1.2963,2
python_stdlib,'d',lexical,4153,5.1584,1.1473,3
python_stdlib,'c',lexical,4776,5.1094,1.1135,3
python_stdlib,'p',lexical,4219,5.0633,1.0983,3
python_stdlib,'2',lexical,295,8.0536,1.0049,4
python_stdlib,'n',lexical,8154,3.4982,0.9765,2
python_stdlib,'t',lexical,9526,4.0288,0.8996,3
python_stdlib,'C',lexical,216,7.7858,0.8803,3
python_stdlib,'r',lexical,10414,3.7538,0.8238,2
python_stdlib,'S',lexical,309,7.2688,0.8212,5
python_stdlib,':',structural,2816,4.3997,0.7808,3
python_stdlib,'o',lexical,6967,3.7054,0.7648,2
python_stdlib,'8',lexical,84,7.8137,0.7354,4
python_stdlib,'s',lexical,10561,4.2505,0.7318,3
python_stdlib,'R',lexical,170,6.7536,0.6672,2
python_stdlib,"','",structural,3546,5.0108,0.6465,2
python_stdlib,')',structural,4259,5.158,0.5527,2
python_stdlib,'e',lexical,18044,2.7234,0.5376,2
python_stdlib,'a',lexical,8826,3.9259,0.4882,2
python_stdlib,'i',lexical,8204,4.3514,0.3173,2
python_stdlib,'6',lexical,83,7.2322,0.2544,3
