char,char_raw,type,S_x1,S_x1_lo,S_x1_hi,n_test,CG_peak,CG_lo,CG_hi,k_peak,sym_cov,LS,corpus
'P',P,lexical,6.0825,5.9968,6.1683,441,0.042,-0.1536,0.2376,2,1.0,0.9931,shakespeare
't',t,lexical,6.6249,6.6107,6.6391,6625,0.0035,-0.0399,0.0469,2,0.988,0.9995,shakespeare
'Z',Z,lexical,6.1849,6.1849,6.1849,37,0.0,-0.0,0.0,2,1.0,1.0,shakespeare
'C',C,lexical,6.8974,6.8274,6.9673,340,-0.0306,-0.2549,0.1937,2,1.0,1.0044,shakespeare
'U',U,lexical,5.7601,5.706,5.8142,256,-0.1454,-0.3026,0.0119,2,1.0,1.0252,shakespeare
':',:,structural,4.5807,4.5108,4.6506,1272,-0.1527,-0.3322,0.0268,2,0.999,1.0333,shakespeare
'E',E,lexical,5.9313,5.8778,5.9849,474,-0.1984,-0.3102,-0.0866,2,0.867,1.0334,shakespeare
'd',d,lexical,7.0196,6.9957,7.0435,2896,-0.2076,-0.2657,-0.1495,2,1.0,1.0296,shakespeare
'O',O,lexical,5.483,5.4203,5.5457,920,-0.3023,-0.4482,-0.1564,2,0.989,1.0551,shakespeare
'R',R,lexical,5.7699,5.7065,5.8332,634,-0.3131,-0.4369,-0.1893,2,0.984,1.0543,shakespeare
'y',y,lexical,6.5393,6.5067,6.5718,2048,-0.3345,-0.425,-0.2439,2,1.0,1.0511,shakespeare
'h',h,lexical,6.4139,6.3939,6.4339,4920,-0.3369,-0.3839,-0.2899,2,1.0,1.0525,shakespeare
'N',N,lexical,5.3231,5.2696,5.3766,696,-0.3664,-0.5616,-0.1712,2,1.0,1.0688,shakespeare
'r',r,lexical,7.1649,7.1459,7.1839,4618,-0.3985,-0.4616,-0.3353,2,1.0,1.0556,shakespeare
'v',v,lexical,6.3292,6.2544,6.4039,695,-0.4318,-0.6145,-0.2491,2,1.0,1.0682,shakespeare
'l',l,lexical,6.8485,6.8234,6.8736,3100,-0.4388,-0.5107,-0.367,2,1.0,1.0641,shakespeare
'k',k,lexical,6.5877,6.4945,6.6809,694,-0.484,-0.693,-0.2749,2,1.0,1.0735,shakespeare
'z',z,lexical,5.5286,5.2453,5.8119,36,-0.4923,-1.0973,0.1127,2,1.0,1.0891,shakespeare
'G',G,lexical,6.8411,6.8062,6.8761,210,-0.4959,-0.6439,-0.348,2,1.0,1.0725,shakespeare
'n',n,lexical,6.9938,6.9612,7.0264,4712,-0.503,-0.5732,-0.4327,2,1.0,1.0719,shakespeare
'S',S,lexical,6.6748,6.5168,6.8328,475,-0.5458,-0.9133,-0.1783,2,1.0,1.0818,shakespeare
's',s,lexical,6.6479,6.6304,6.6654,4876,-0.5503,-0.6017,-0.499,2,1.0,1.0828,shakespeare
'j',j,lexical,9.7438,9.3218,10.1658,40,-0.5931,-1.4633,0.2771,2,1.0,1.0609,shakespeare
'e',e,lexical,6.5383,6.5245,6.5522,9115,-0.6023,-0.6492,-0.5554,2,1.0,1.0921,shakespeare
"','",",",structural,6.5485,6.5109,6.5862,2140,-0.6268,-0.7277,-0.5258,2,1.0,1.0957,shakespeare
'w',w,lexical,5.9237,5.8971,5.9503,1829,-0.63,-0.713,-0.5471,2,1.0,1.1064,shakespeare
'c',c,lexical,7.1594,7.0957,7.2231,1481,-0.6388,-0.7804,-0.4972,2,0.997,1.0892,shakespeare
'm',m,lexical,6.554,6.5185,6.5896,2275,-0.6448,-0.7357,-0.5539,2,1.0,1.0984,shakespeare
'u',u,lexical,6.0719,6.0401,6.1036,2529,-0.6636,-0.7535,-0.5736,2,1.0,1.1093,shakespeare
'g',g,lexical,6.0369,5.9885,6.0852,1264,-0.6703,-0.7751,-0.5655,2,1.0,1.111,shakespeare
'T',T,lexical,5.4807,5.4126,5.5488,1044,-0.6872,-0.8899,-0.4846,2,0.931,1.1254,shakespeare
'a',a,lexical,6.7909,6.7699,6.8119,5789,-0.716,-0.7755,-0.6565,2,0.999,1.1054,shakespeare
'i',i,lexical,6.6796,6.6527,6.7065,4553,-0.7182,-0.7832,-0.6532,2,1.0,1.1075,shakespeare
'I',I,lexical,5.7494,5.6975,5.8014,1491,-0.7484,-0.8773,-0.6195,2,0.923,1.1302,shakespeare
'A',A,lexical,6.6625,6.5815,6.7435,1171,-0.789,-0.9865,-0.5915,2,0.927,1.1184,shakespeare
'o',o,lexical,6.3393,6.3209,6.3577,6277,-0.8552,-0.9015,-0.8088,2,1.0,1.1349,shakespeare
'p',p,lexical,7.1705,7.1318,7.2091,988,-0.862,-0.9536,-0.7704,2,1.0,1.1202,shakespeare
'q',q,lexical,5.3744,5.2081,5.5407,46,-0.8997,-1.2995,-0.4999,2,1.0,1.1674,shakespeare
'f',f,lexical,6.2397,6.2171,6.2623,1465,-0.9258,-0.9985,-0.8531,2,1.0,1.1484,shakespeare
'K',K,lexical,5.7076,5.5356,5.8797,167,-0.9356,-1.3534,-0.5178,2,1.0,1.1639,shakespeare
'L',L,lexical,7.0511,6.9455,7.1567,279,-0.9474,-1.2668,-0.6281,2,1.0,1.1344,shakespeare
'.',.,structural,6.3729,6.3081,6.4377,925,-0.9699,-1.1284,-0.8115,2,1.0,1.1522,shakespeare
'M',M,lexical,7.3086,7.1295,7.4878,225,-0.971,-1.449,-0.493,2,0.996,1.1329,shakespeare
'D',D,lexical,5.4278,5.267,5.5885,148,-0.9923,-1.3903,-0.5943,2,1.0,1.1828,shakespeare
'B',B,lexical,7.1528,7.0468,7.2588,343,-0.9946,-1.2556,-0.7335,2,1.0,1.139,shakespeare
'H',H,lexical,5.6701,5.6355,5.7047,417,-1.0295,-1.1402,-0.9187,2,1.0,1.1816,shakespeare
'F',F,lexical,7.0462,7.0025,7.0898,106,-1.0402,-1.2795,-0.801,2,1.0,1.1476,shakespeare
'!',!,structural,8.0328,7.8973,8.1684,258,-1.0547,-1.3379,-0.7716,2,1.0,1.1313,shakespeare
'x',x,lexical,6.8813,6.7865,6.9761,49,-1.1203,-1.483,-0.7576,2,1.0,1.1628,shakespeare
';',;,structural,7.4159,7.2887,7.5432,397,-1.1367,-1.4458,-0.8277,2,1.0,1.1533,shakespeare
'?',?,structural,7.1886,7.0861,7.291,290,-1.1603,-1.385,-0.9355,2,1.0,1.1614,shakespeare
'b',b,lexical,7.0139,6.9874,7.0404,1085,-1.1784,-1.2928,-1.0641,2,1.0,1.168,shakespeare
"""'""",',structural,6.1453,6.0807,6.2099,626,-1.2109,-1.3701,-1.0517,2,1.0,1.197,shakespeare
'V',V,lexical,5.924,5.8272,6.0208,52,-1.2562,-1.5265,-0.986,2,1.0,1.2121,shakespeare
'W',W,lexical,7.2366,7.2249,7.2483,318,-1.5924,-1.7394,-1.4453,2,1.0,1.22,shakespeare
'Y',Y,lexical,8.0962,8.0447,8.1478,70,-2.8253,-3.1126,-2.5381,2,1.0,1.349,shakespeare
'd',d,lexical,7.3462,7.3188,7.3735,2030,-0.1224,-0.201,-0.0439,2,1.0,1.0167,pride_prej
't',t,lexical,6.1028,6.0855,6.12,4569,-0.1423,-0.1904,-0.0942,2,1.0,1.0233,pride_prej
'e',e,lexical,6.5098,6.4925,6.5271,6689,-0.2813,-0.3305,-0.2321,2,1.0,1.0432,pride_prej
'b',b,lexical,6.9052,6.8358,6.9745,820,-0.2822,-0.48,-0.0844,2,1.0,1.0409,pride_prej
'v',v,lexical,5.6652,5.6262,5.7043,580,-0.3358,-0.4943,-0.1772,2,1.0,1.0593,pride_prej
'n',n,lexical,6.0843,6.0553,6.1133,3655,-0.3525,-0.4213,-0.2836,2,1.0,1.0579,pride_prej
'E',E,lexical,5.3034,4.9724,5.6345,98,-0.3612,-1.0329,0.3105,2,0.898,1.0681,pride_prej
'c',c,lexical,5.7781,5.7365,5.8197,1212,-0.3724,-0.4802,-0.2646,2,1.0,1.0644,pride_prej
's',s,lexical,6.826,6.7955,6.8566,3124,-0.4582,-0.5412,-0.3751,2,1.0,1.0671,pride_prej
'z',z,lexical,5.3543,5.2769,5.4316,133,-0.5041,-0.6449,-0.3632,2,1.0,1.0941,pride_prej
'h',h,lexical,6.2647,6.2494,6.2801,3234,-0.5541,-0.6121,-0.4962,2,1.0,1.0885,pride_prej
'l',l,lexical,6.1866,6.1483,6.2248,2149,-0.5549,-0.6425,-0.4673,2,1.0,1.0897,pride_prej
'r',r,lexical,6.4623,6.4316,6.4929,3182,-0.5571,-0.6324,-0.4818,2,1.0,1.0862,pride_prej
'a',a,lexical,6.1724,6.1534,6.1915,4031,-0.5874,-0.6395,-0.5353,2,1.0,1.0952,pride_prej
'j',j,lexical,8.8028,8.5642,9.0413,47,-0.6068,-1.1709,-0.0428,2,1.0,1.0689,pride_prej
'f',f,lexical,6.6545,6.5936,6.7154,1162,-0.6402,-0.7932,-0.4872,2,0.999,1.0962,pride_prej
'm',m,lexical,7.2862,7.231,7.3413,1376,-0.6455,-0.7998,-0.4913,2,1.0,1.0886,pride_prej
'y',y,lexical,6.6989,6.6639,6.7339,1435,-0.6724,-0.7752,-0.5695,2,1.0,1.1004,pride_prej
'u',u,lexical,6.3626,6.3111,6.4142,1683,-0.7052,-0.8409,-0.5695,2,1.0,1.1108,pride_prej
'M',M,lexical,7.1253,7.0363,7.2144,133,-0.7126,-1.0139,-0.4113,2,1.0,1.1,pride_prej
'D',D,lexical,6.0875,6.0331,6.1418,69,-0.7175,-1.0149,-0.4201,2,0.971,1.1179,pride_prej
'q',q,lexical,3.9535,3.8494,4.0576,59,-0.7189,-1.1496,-0.2883,2,1.0,1.1818,pride_prej
'k',k,lexical,8.8853,8.7876,8.9831,308,-0.7345,-0.9373,-0.5317,2,0.997,1.0827,pride_prej
'?',?,structural,9.7586,9.6358,9.8813,87,-0.7385,-0.9996,-0.4773,2,1.0,1.0757,pride_prej
'A',A,lexical,7.4531,7.309,7.5972,65,-0.7409,-1.0811,-0.4008,2,1.0,1.0994,pride_prej
'.',.,structural,8.3627,8.2227,8.5026,651,-0.755,-1.0613,-0.4487,2,0.997,1.0903,pride_prej
'i',i,lexical,6.3599,6.3169,6.4029,3488,-0.7577,-0.8594,-0.6559,2,0.999,1.1191,pride_prej
'g',g,lexical,6.3857,6.3589,6.4125,987,-0.8261,-0.909,-0.7431,2,1.0,1.1294,pride_prej
'p',p,lexical,6.4554,6.3719,6.539,819,-0.8372,-1.029,-0.6454,2,1.0,1.1297,pride_prej
'!',!,structural,9.3387,9.2116,9.4658,61,-0.858,-1.1902,-0.5258,2,1.0,1.0919,pride_prej
"','",",",structural,6.0344,5.9646,6.1042,943,-0.8649,-1.0128,-0.7169,2,0.997,1.1433,pride_prej
'o',o,lexical,6.2651,6.2468,6.2834,4267,-0.8756,-0.9268,-0.8243,2,1.0,1.1398,pride_prej
'C',C,lexical,8.6326,8.4397,8.8256,70,-0.8835,-1.3404,-0.4266,2,0.957,1.1023,pride_prej
'L',L,lexical,6.5517,6.5147,6.5887,121,-0.9045,-1.0738,-0.7352,2,0.992,1.1381,pride_prej
'H',H,lexical,5.6423,5.5663,5.7183,67,-0.9406,-1.1822,-0.6991,2,0.985,1.1667,pride_prej
'N',N,lexical,7.4097,7.1341,7.6854,32,-1.1213,-1.9617,-0.281,2,0.875,1.1513,pride_prej
'w',w,lexical,8.1727,8.1255,8.2199,1148,-1.1332,-1.2893,-0.9772,2,1.0,1.1387,pride_prej
'S',S,lexical,7.4736,7.2659,7.6813,43,-1.1549,-1.7486,-0.5613,2,0.907,1.1545,pride_prej
';',;,structural,9.8578,9.7619,9.9538,152,-1.2345,-1.4544,-1.0146,2,1.0,1.1252,pride_prej
'B',B,lexical,7.945,7.8778,8.0122,115,-1.3913,-1.6167,-1.166,2,1.0,1.1751,pride_prej
'Y',Y,lexical,4.4302,4.1228,4.7376,67,-1.5205,-2.368,-0.6731,2,1.0,1.3432,pride_prej
'T',T,lexical,7.2439,7.1837,7.304,97,-1.5847,-1.8793,-1.2901,2,0.928,1.2188,pride_prej
'W',W,lexical,8.1219,8.0101,8.2337,46,-1.6471,-2.2168,-1.0774,2,0.957,1.2028,pride_prej
'I',I,lexical,7.3266,7.2183,7.4348,381,-1.9395,-2.2378,-1.6411,2,0.99,1.2647,pride_prej
'x',x,lexical,6.0148,5.9405,6.0891,87,-2.7006,-3.0502,-2.3511,2,1.0,1.449,pride_prej
'f',f,lexical,7.611,7.5881,7.634,7190,0.9138,0.8312,0.9964,5,0.905,0.8799,python_stdlib
'@',@,structural,6.6963,6.6187,6.774,125,0.72,0.2818,1.1582,3,1.0,0.8925,python_stdlib
's',s,lexical,6.9712,6.9545,6.9879,10766,0.1524,0.1077,0.1971,2,1.0,0.9781,python_stdlib
'h',h,lexical,6.9118,6.8857,6.9378,1807,0.1421,0.0577,0.2266,2,1.0,0.9794,python_stdlib
'c',c,lexical,6.3925,6.3691,6.416,4876,0.0918,0.0316,0.152,2,1.0,0.9856,python_stdlib
'u',u,lexical,7.0054,6.9648,7.0459,3445,0.075,-0.0262,0.1761,2,0.999,0.9893,python_stdlib
'm',m,lexical,7.0993,7.0782,7.1204,3328,0.0717,0.0085,0.1349,2,1.0,0.9899,python_stdlib
'E',E,lexical,6.5236,6.4548,6.5924,635,0.054,-0.1748,0.2827,2,1.0,0.9917,python_stdlib
'i',i,lexical,6.424,6.3991,6.4489,8330,0.0102,-0.0494,0.0698,2,0.997,0.9984,python_stdlib
't',t,lexical,6.5028,6.4888,6.5167,9745,-0.0272,-0.0739,0.0194,2,1.0,1.0042,python_stdlib
'.',.,structural,7.5772,7.562,7.5925,3706,-0.0299,-0.0728,0.0131,2,1.0,1.0039,python_stdlib
'n',n,lexical,6.6361,6.6272,6.645,8277,-0.0347,-0.073,0.0036,2,1.0,1.0052,python_stdlib
'v',v,lexical,6.2312,6.1845,6.278,875,-0.0389,-0.1734,0.0957,2,0.999,1.0062,python_stdlib
'I',I,lexical,6.3155,6.1861,6.445,312,-0.0449,-0.3664,0.2766,2,1.0,1.0071,python_stdlib
'6',6,lexical,9.1319,8.9511,9.3128,83,-0.1463,-0.5629,0.2703,2,1.0,1.016,python_stdlib
'V',V,lexical,7.2847,7.1932,7.3763,130,-0.1519,-0.4578,0.1539,2,1.0,1.0209,python_stdlib
'o',o,lexical,6.5802,6.5542,6.6062,7069,-0.1631,-0.2227,-0.1034,2,0.999,1.0248,python_stdlib
':',:,structural,6.7836,6.7604,6.8069,2855,-0.1765,-0.2571,-0.0959,2,0.999,1.026,python_stdlib
'B',B,lexical,7.6161,7.3474,7.8849,89,-0.1772,-0.79,0.4356,2,1.0,1.0233,python_stdlib
'l',l,lexical,6.9888,6.9643,7.0132,7954,-0.1856,-0.2803,-0.0909,4,0.937,1.0266,python_stdlib
'(',(,structural,7.5336,7.5223,7.5448,4336,-0.1934,-0.2328,-0.154,2,1.0,1.0257,python_stdlib
'b',b,lexical,7.2134,7.1766,7.2502,1357,-0.1987,-0.3267,-0.0708,2,1.0,1.0275,python_stdlib
'r',r,lexical,6.9024,6.8861,6.9186,10600,-0.1996,-0.2534,-0.1458,2,0.998,1.0289,python_stdlib
'=',=,structural,6.9693,6.9321,7.0064,3192,-0.2009,-0.2935,-0.1082,2,1.0,1.0288,python_stdlib
'U',U,lexical,6.4094,6.2838,6.5349,161,-0.209,-0.5328,0.1147,2,0.919,1.0326,python_stdlib
'q',q,lexical,7.3633,7.286,7.4405,120,-0.2259,-0.4957,0.0438,2,1.0,1.0307,python_stdlib
'D',D,lexical,7.4121,7.342,7.4822,189,-0.2298,-0.4539,-0.0057,2,1.0,1.031,python_stdlib
'a',a,lexical,6.4572,6.4364,6.4779,8975,-0.2542,-0.3077,-0.2006,2,0.999,1.0394,python_stdlib
'5',5,lexical,8.7287,8.5304,8.9271,98,-0.2591,-0.7502,0.2321,2,1.0,1.0297,python_stdlib
'[',[,structural,7.7976,7.7179,7.8773,647,-0.2631,-0.4428,-0.0834,2,0.994,1.0337,python_stdlib
'e',e,lexical,6.541,6.5255,6.5566,18376,-0.2695,-0.3273,-0.2117,3,0.986,1.0412,python_stdlib
'd',d,lexical,7.3473,7.325,7.3696,4223,-0.2772,-0.3459,-0.2086,2,1.0,1.0377,python_stdlib
'w',w,lexical,7.0925,7.0482,7.1369,1278,-0.2822,-0.3912,-0.1731,2,1.0,1.0398,python_stdlib
'T',T,lexical,8.0228,7.9653,8.0803,636,-0.2888,-0.4772,-0.1003,2,1.0,1.036,python_stdlib
'2',2,lexical,8.0245,7.9301,8.1189,295,-0.2971,-0.511,-0.0832,2,0.993,1.037,python_stdlib
'k',k,lexical,6.7213,6.6854,6.7571,931,-0.3308,-0.4258,-0.2357,2,1.0,1.0492,python_stdlib
'p',p,lexical,6.6252,6.593,6.6574,4253,-0.3355,-0.4111,-0.2599,2,1.0,1.0506,python_stdlib
"','",",",structural,6.5751,6.5398,6.6104,3605,-0.3533,-0.4557,-0.2509,2,0.999,1.0537,python_stdlib
')',),structural,7.5881,7.5661,7.6101,4337,-0.3603,-0.4254,-0.2952,2,0.999,1.0475,python_stdlib
'N',N,lexical,7.5544,7.4688,7.6399,776,-0.3615,-0.5999,-0.123,2,1.0,1.0479,python_stdlib
'C',C,lexical,7.745,7.5693,7.9207,216,-0.3647,-0.7371,0.0077,2,1.0,1.0471,python_stdlib
'8',8,lexical,9.098,9.0032,9.1929,84,-0.3653,-0.578,-0.1526,2,1.0,1.0402,python_stdlib
'W',W,lexical,7.9966,7.6197,8.3735,66,-0.3731,-1.1486,0.4023,2,1.0,1.0467,python_stdlib
'4',4,lexical,9.156,9.0585,9.2535,88,-0.3801,-0.6291,-0.1312,2,1.0,1.0415,python_stdlib
'x',x,lexical,6.6701,6.6268,6.7134,684,-0.3855,-0.4954,-0.2756,2,1.0,1.0578,python_stdlib
'K',K,lexical,8.1131,7.9841,8.2421,70,-0.3911,-0.7084,-0.0738,2,1.0,1.0482,python_stdlib
'0',0,lexical,7.6085,7.566,7.651,615,-0.4192,-0.5628,-0.2755,2,1.0,1.0551,python_stdlib
'{',{,structural,8.1618,8.1215,8.2022,230,-0.4295,-0.5504,-0.3085,2,1.0,1.0526,python_stdlib
'S',S,lexical,7.5405,7.4399,7.6411,315,-0.4422,-0.6671,-0.2173,2,1.0,1.0586,python_stdlib
'R',R,lexical,7.5971,7.4859,7.7084,171,-0.4548,-0.7081,-0.2014,2,1.0,1.0599,python_stdlib
'G',G,lexical,7.7647,7.6787,7.8507,242,-0.4588,-0.6619,-0.2557,2,1.0,1.0591,python_stdlib
'g',g,lexical,6.8697,6.8407,6.8986,2297,-0.4646,-0.5315,-0.3976,2,1.0,1.0676,python_stdlib
'L',L,lexical,7.416,7.2881,7.5438,163,-0.4816,-0.7746,-0.1887,2,1.0,1.0649,python_stdlib
'9',9,lexical,8.4829,8.3143,8.6514,50,-0.489,-0.8251,-0.1529,2,1.0,1.0576,python_stdlib
'1',1,lexical,7.9394,7.8689,8.0098,591,-0.5777,-0.7403,-0.4152,2,1.0,1.0728,python_stdlib
'3',3,lexical,8.9035,8.7766,9.0304,102,-0.6067,-0.8882,-0.3253,2,0.99,1.0681,python_stdlib
'A',A,lexical,7.7987,7.7098,7.8877,320,-0.6418,-0.8455,-0.438,2,1.0,1.0823,python_stdlib
'X',X,lexical,7.4268,7.2568,7.5969,33,-0.6492,-1.0917,-0.2066,2,1.0,1.0874,python_stdlib
'P',P,lexical,9.1247,8.9945,9.2549,161,-0.6515,-0.9507,-0.3524,2,1.0,1.0714,python_stdlib
'M',M,lexical,9.2818,9.1719,9.3916,146,-0.7476,-1.0057,-0.4894,2,1.0,1.0805,python_stdlib
'O',O,lexical,6.8492,6.7936,6.9049,182,-0.7496,-0.9525,-0.5468,2,1.0,1.1094,python_stdlib
'y',y,lexical,7.1033,7.0472,7.1593,1752,-0.7705,-0.925,-0.6161,2,0.998,1.1085,python_stdlib
'<',<,structural,8.0267,8.0231,8.0304,132,-0.779,-1.0301,-0.528,2,1.0,1.0971,python_stdlib
']',],structural,8.3621,8.2556,8.4687,647,-0.8344,-1.1113,-0.5575,2,1.0,1.0998,python_stdlib
'j',j,lexical,6.8888,6.7326,7.0451,143,-0.9006,-1.2127,-0.5886,2,1.0,1.1307,python_stdlib
'Z',Z,lexical,8.7751,8.7353,8.8148,68,-0.9021,-1.1904,-0.6139,2,1.0,1.1028,python_stdlib
'}',},structural,7.4833,7.3485,7.6181,230,-0.9045,-1.1794,-0.6295,2,1.0,1.1209,python_stdlib
'|',|,structural,8.4347,8.4347,8.4347,45,-0.9133,-1.1193,-0.7073,2,1.0,1.1083,python_stdlib
'-',-,structural,7.5772,7.5263,7.628,268,-0.9268,-1.128,-0.7256,2,0.996,1.1223,python_stdlib
'F',F,lexical,8.3749,8.2445,8.5053,310,-0.9414,-1.2448,-0.638,2,1.0,1.1124,python_stdlib
'/',/,structural,7.9941,7.8174,8.1707,103,-0.9443,-1.4679,-0.4207,2,1.0,1.1181,python_stdlib
'+',+,structural,7.8937,7.8351,7.9522,167,-1.0049,-1.2427,-0.7671,2,1.0,1.1273,python_stdlib
'%',%,structural,6.8311,6.8043,6.858,109,-1.0508,-1.249,-0.8526,2,1.0,1.1538,python_stdlib
'*',*,structural,9.0829,9.0474,9.1183,322,-1.0823,-1.2376,-0.927,2,0.994,1.1192,python_stdlib
'&',&,structural,9.902,9.902,9.902,41,-1.4915,-1.7259,-1.2571,2,1.0,1.1506,python_stdlib
'>',>,structural,6.7496,6.491,7.0083,113,-1.9069,-2.368,-1.4458,2,1.0,1.2825,python_stdlib
'z',z,lexical,10.4624,10.4026,10.5221,298,-2.616,-2.8409,-2.3911,2,1.0,1.25,python_stdlib
