CG,log2k,Structural,log2k_x_S,logFreq,char_id
0.3433804954639017,1.0,0,0.0,-5.674425470378828,f
0.013422194937836807,1.584962500721156,0,0.0,-5.674425470378828,f
0.41739878390654983,2.0,0,0.0,-5.674425470378828,f
0.9137915147393185,2.321928094887362,0,0.0,-5.674425470378828,f
0.3513733746504064,2.584962500721156,0,0.0,-5.674425470378828,f
0.04439150056476571,2.807354922057604,0,0.0,-5.674425470378828,f
0.003813701764810773,3.0,0,0.0,-5.674425470378828,f
-0.14898078694139638,3.169925001442312,0,0.0,-5.674425470378828,f
-2.635316516172238,3.321928094887362,0,0.0,-5.674425470378828,f
0.4044656799443578,1.0,1,1.0,-12.455785183903487,@
0.7200188222991732,1.584962500721156,1,1.584962500721156,-12.455785183903487,@
0.6372843823615062,2.0,1,2.0,-12.455785183903487,@
0.5749180697293514,2.321928094887362,1,2.321928094887362,-12.455785183903487,@
-0.766952518599199,2.584962500721156,1,2.584962500721156,-12.455785183903487,@
-1.583821352104291,2.807354922057604,1,2.807354922057604,-12.455785183903487,@
-1.7225497588026144,3.0,1,3.0,-12.455785183903487,@
-1.789461581151098,3.169925001442312,1,3.169925001442312,-12.455785183903487,@
-2.2223165425600424,3.321928094887362,1,3.321928094887362,-12.455785183903487,@
0.15238256486720747,1.0,0,0.0,-4.6362263104329635,s
-0.21156759609291065,1.584962500721156,0,0.0,-4.6362263104329635,s
-0.5949488990915306,2.0,0,0.0,-4.6362263104329635,s
-0.8634316565646456,2.321928094887362,0,0.0,-4.6362263104329635,s
-1.0214570644950225,2.584962500721156,0,0.0,-4.6362263104329635,s
-1.356431302368466,2.807354922057604,0,0.0,-4.6362263104329635,s
-1.3342404208448349,3.0,0,0.0,-4.6362263104329635,s
-1.520474656526722,3.169925001442312,0,0.0,-4.6362263104329635,s
-3.095658233750469,3.321928094887362,0,0.0,-4.6362263104329635,s
0.1421287794340369,1.0,0,0.0,-6.372481408280646,h
-0.32365962801794357,1.584962500721156,0,0.0,-6.372481408280646,h
-0.9975322802030924,2.0,0,0.0,-6.372481408280646,h
-1.2156207978374214,2.321928094887362,0,0.0,-6.372481408280646,h
-1.4519412001567842,2.584962500721156,0,0.0,-6.372481408280646,h
-1.6038659733114544,2.807354922057604,0,0.0,-6.372481408280646,h
-1.7545277256731628,3.0,0,0.0,-6.372481408280646,h
0.09177852820732912,1.0,0,0.0,-5.750386157274577,c
-0.5239180440321087,1.584962500721156,0,0.0,-5.750386157274577,c
-0.9774592348254867,2.0,0,0.0,-5.750386157274577,c
-1.3530259943465506,2.321928094887362,0,0.0,-5.750386157274577,c
-1.7371069403035726,2.584962500721156,0,0.0,-5.750386157274577,c
-1.9449413840309369,2.807354922057604,0,0.0,-5.750386157274577,c
-2.0871452731163274,3.0,0,0.0,-5.750386157274577,c
-2.2716605772660365,3.169925001442312,0,0.0,-5.750386157274577,c
0.07495308471042073,1.0,0,0.0,-6.09479326895878,u
-0.7944000712763408,1.584962500721156,0,0.0,-6.09479326895878,u
-1.2233030336562383,2.0,0,0.0,-6.09479326895878,u
-1.3065477939037162,2.321928094887362,0,0.0,-6.09479326895878,u
-1.1448912532531814,2.584962500721156,0,0.0,-6.09479326895878,u
-1.7242202138557978,2.807354922057604,0,0.0,-6.09479326895878,u
-1.86431563375627,3.0,0,0.0,-6.09479326895878,u
-2.3521801664808297,3.169925001442312,0,0.0,-6.09479326895878,u
-3.9587575619399757,3.321928094887362,0,0.0,-6.09479326895878,u
0.07165825786868574,1.0,0,0.0,-6.113963529449997,m
-0.42363561330308386,1.584962500721156,0,0.0,-6.113963529449997,m
-1.2000027090105476,2.0,0,0.0,-6.113963529449997,m
-1.7050416113950444,2.321928094887362,0,0.0,-6.113963529449997,m
-2.0676597953921334,2.584962500721156,0,0.0,-6.113963529449997,m
-2.3607028754459627,2.807354922057604,0,0.0,-6.113963529449997,m
-2.59492781652599,3.0,0,0.0,-6.113963529449997,m
-2.8185637314361696,3.169925001442312,0,0.0,-6.113963529449997,m
0.0539564713030547,1.0,0,0.0,-8.127522283443053,E
-0.4748976226643711,1.584962500721156,0,0.0,-8.127522283443053,E
-0.8668134847478601,2.0,0,0.0,-8.127522283443053,E
-1.259328766655167,2.321928094887362,0,0.0,-8.127522283443053,E
-1.3913797640544612,2.584962500721156,0,0.0,-8.127522283443053,E
-1.4957291025670294,2.807354922057604,0,0.0,-8.127522283443053,E
-1.5212998458834104,3.0,0,0.0,-8.127522283443053,E
-1.6017682772738624,3.169925001442312,0,0.0,-8.127522283443053,E
-4.168448419172677,3.321928094887362,0,0.0,-8.127522283443053,E
0.010202352178918517,1.0,0,0.0,-4.809905386824909,i
-0.47671145690766625,1.584962500721156,0,0.0,-4.809905386824909,i
-0.9164997696943313,2.0,0,0.0,-4.809905386824909,i
-1.2325924950087916,2.321928094887362,0,0.0,-4.809905386824909,i
-1.5320339958319522,2.584962500721156,0,0.0,-4.809905386824909,i
-1.7700344837461142,2.807354922057604,0,0.0,-4.809905386824909,i
-1.8941821740890568,3.0,0,0.0,-4.809905386824909,i
-2.0726535582631183,3.169925001442312,0,0.0,-4.809905386824909,i
-3.488526371381692,3.321928094887362,0,0.0,-4.809905386824909,i
-0.0272280748585354,1.0,0,0.0,-4.442311063054332,t
-0.5559003180144773,1.584962500721156,0,0.0,-4.442311063054332,t
-0.7912628965731097,2.0,0,0.0,-4.442311063054332,t
-1.0606274328143837,2.321928094887362,0,0.0,-4.442311063054332,t
-1.5977044922225705,2.584962500721156,0,0.0,-4.442311063054332,t
-1.8437566869681046,2.807354922057604,0,0.0,-4.442311063054332,t
-2.099319153844114,3.0,0,0.0,-4.442311063054332,t
-2.237586340337172,3.169925001442312,0,0.0,-4.442311063054332,t
-3.653193225219468,3.321928094887362,0,0.0,-4.442311063054332,t
-0.029858736815330467,1.0,1,1.0,-6.363180414227273,.
-0.12309311632920483,1.584962500721156,1,1.584962500721156,-6.363180414227273,.
-0.9342699390196314,2.0,1,2.0,-6.363180414227273,.
-0.8514349890402384,2.321928094887362,1,2.321928094887362,-6.363180414227273,.
-0.7735595015450327,2.584962500721156,1,2.584962500721156,-6.363180414227273,.
-1.06918391015902,2.807354922057604,1,2.807354922057604,-6.363180414227273,.
-1.0687405599368693,3.0,1,3.0,-6.363180414227273,.
-1.089677984956686,3.169925001442312,1,3.169925001442312,-6.363180414227273,.
-2.8396417795923226,3.321928094887362,1,3.321928094887362,-6.363180414227273,.
-0.03471183208285922,1.0,0,0.0,-4.775835279840805,n
-0.3851331600615566,1.584962500721156,0,0.0,-4.775835279840805,n
-0.6289916091412087,2.0,0,0.0,-4.775835279840805,n
-1.030410138624834,2.321928094887362,0,0.0,-4.775835279840805,n
-1.5175769844110123,2.584962500721156,0,0.0,-4.775835279840805,n
-1.776448735189958,2.807354922057604,0,0.0,-4.775835279840805,n
-1.812874403886199,3.0,0,0.0,-4.775835279840805,n
-2.096198361480389,3.169925001442312,0,0.0,-4.775835279840805,n
-3.761111261821891,3.321928094887362,0,0.0,-4.775835279840805,n
-0.03886168156169578,1.0,0,0.0,-7.880432448741032,v
-0.2986783138335358,1.584962500721156,0,0.0,-7.880432448741032,v
-0.6511390349659889,2.0,0,0.0,-7.880432448741032,v
-0.8881596198017236,2.321928094887362,0,0.0,-7.880432448741032,v
-1.1164816102367574,2.584962500721156,0,0.0,-7.880432448741032,v
-1.2285524139619968,2.807354922057604,0,0.0,-7.880432448741032,v
-1.3410548684544992,3.0,0,0.0,-7.880432448741032,v
-0.04493423501490312,1.0,0,0.0,-8.596068955938122,I
-0.2688961047691647,1.584962500721156,0,0.0,-8.596068955938122,I
-0.4820950500480832,2.0,0,0.0,-8.596068955938122,I
-0.6204598731093398,2.321928094887362,0,0.0,-8.596068955938122,I
-0.14629212822733706,1.0,0,0.0,-10.815699372593343,6
-0.36991857111512694,1.584962500721156,0,0.0,-10.815699372593343,6
-0.4683566817348712,2.0,0,0.0,-10.815699372593343,6
-0.5071936248823441,2.321928094887362,0,0.0,-10.815699372593343,6
-0.1519372266583643,1.0,0,0.0,-10.598332717646734,V
-0.442079009599877,1.584962500721156,0,0.0,-10.598332717646734,V
-0.7156766213897283,2.0,0,0.0,-10.598332717646734,V
-0.935560763473366,2.321928094887362,0,0.0,-10.598332717646734,V
-1.0720211688928822,2.584962500721156,0,0.0,-10.598332717646734,V
-1.5456293726611259,2.807354922057604,0,0.0,-10.598332717646734,V
-1.5821432720335773,3.0,0,0.0,-10.598332717646734,V
-1.771596478027603,3.169925001442312,0,0.0,-10.598332717646734,V
-3.892164315116493,3.321928094887362,0,0.0,-10.598332717646734,V
-0.16309841945358272,1.0,0,0.0,-4.8777375472208995,o
-0.816460137143932,1.584962500721156,0,0.0,-4.8777375472208995,o
-1.2746156103748367,2.0,0,0.0,-4.8777375472208995,o
-1.7842810223578356,2.321928094887362,0,0.0,-4.8777375472208995,o
-2.221994123661026,2.584962500721156,0,0.0,-4.8777375472208995,o
-2.502298761964256,2.807354922057604,0,0.0,-4.8777375472208995,o
-2.7735487291151335,3.0,0,0.0,-4.8777375472208995,o
-3.0593435869879935,3.169925001442312,0,0.0,-4.8777375472208995,o
-0.17653829838887436,1.0,1,1.0,-6.999740876496351,:
-0.5840472579609752,1.584962500721156,1,1.584962500721156,-6.999740876496351,:
-1.0092638547690536,2.0,1,2.0,-6.999740876496351,:
-1.4536185979087275,2.321928094887362,1,2.321928094887362,-6.999740876496351,:
-2.16876135462865,2.584962500721156,1,2.584962500721156,-6.999740876496351,:
-2.4031426509556812,2.807354922057604,1,2.807354922057604,-6.999740876496351,:
-2.942172440514806,3.0,1,3.0,-6.999740876496351,:
-3.1883837539380266,3.169925001442312,1,3.169925001442312,-6.999740876496351,:
-4.8025359846942415,3.321928094887362,1,3.321928094887362,-6.999740876496351,:
-0.17720412890014536,1.0,0,0.0,-10.52300363203225,B
-0.3581206215471351,1.584962500721156,0,0.0,-10.52300363203225,B
-0.4399163821169134,2.0,0,0.0,-10.52300363203225,B
-0.5119001565492516,2.321928094887362,0,0.0,-10.52300363203225,B
-0.5559324295139119,2.584962500721156,0,0.0,-10.52300363203225,B
-0.5867806696793396,2.807354922057604,0,0.0,-10.52300363203225,B
-0.6807606075868309,1.0,0,0.0,-5.220995004727056,l
-0.26749460174758344,1.584962500721156,0,0.0,-5.220995004727056,l
-0.18559407101648695,2.0,0,0.0,-5.220995004727056,l
-0.8593439220107575,2.321928094887362,0,0.0,-5.220995004727056,l
-1.2042756461280524,2.584962500721156,0,0.0,-5.220995004727056,l
-1.3006915143846873,2.807354922057604,0,0.0,-5.220995004727056,l
-1.481540246848371,3.0,0,0.0,-5.220995004727056,l
-1.761084474454715,3.169925001442312,0,0.0,-5.220995004727056,l
-3.411251953260197,3.321928094887362,0,0.0,-5.220995004727056,l
-0.19339609077911302,1.0,1,1.0,-6.543795433637301,(
-0.46090401133569703,1.584962500721156,1,1.584962500721156,-6.543795433637301,(
-0.7782413112127342,2.0,1,2.0,-6.543795433637301,(
-1.0358288225224994,2.321928094887362,1,2.321928094887362,-6.543795433637301,(
-1.2877382094694019,2.584962500721156,1,2.584962500721156,-6.543795433637301,(
-1.453020621471901,2.807354922057604,1,2.807354922057604,-6.543795433637301,(
-1.613845905726973,3.0,1,3.0,-6.543795433637301,(
-1.7413156108025971,3.169925001442312,1,3.169925001442312,-6.543795433637301,(
-2.74116457094276,3.321928094887362,1,3.321928094887362,-6.543795433637301,(
-0.19871658929763036,1.0,0,0.0,-7.048224049061516,b
-0.7175361500882254,1.584962500721156,0,0.0,-7.048224049061516,b
-1.085941914084965,2.0,0,0.0,-7.048224049061516,b
-1.5994912744986474,2.321928094887362,0,0.0,-7.048224049061516,b
-1.9270079187744473,2.584962500721156,0,0.0,-7.048224049061516,b
-2.107274033904077,2.807354922057604,0,0.0,-7.048224049061516,b
-2.2892727305354237,3.0,0,0.0,-7.048224049061516,b
-2.4150452568629843,3.169925001442312,0,0.0,-7.048224049061516,b
-0.19959841727979555,1.0,0,0.0,-4.733109789136801,r
-0.30450924762261256,1.584962500721156,0,0.0,-4.733109789136801,r
-0.8125621311292068,2.0,0,0.0,-4.733109789136801,r
-1.1895390907607313,2.321928094887362,0,0.0,-4.733109789136801,r
-1.3610431083382943,2.584962500721156,0,0.0,-4.733109789136801,r
-1.2704005895391441,2.807354922057604,0,0.0,-4.733109789136801,r
-1.472982572786612,3.0,0,0.0,-4.733109789136801,r
-1.643678096421584,3.169925001442312,0,0.0,-4.733109789136801,r
-3.5911615179761265,3.321928094887362,0,0.0,-4.733109789136801,r
-0.20087047588094897,1.0,1,1.0,-6.936847025198385,=
-1.1475297168361696,1.584962500721156,1,1.584962500721156,-6.936847025198385,=
-1.6705388840765583,2.0,1,2.0,-6.936847025198385,=
-2.2852845705060876,2.321928094887362,1,2.321928094887362,-6.936847025198385,=
-2.6722934191309413,2.584962500721156,1,2.584962500721156,-6.936847025198385,=
-2.865607562260312,2.807354922057604,1,2.807354922057604,-6.936847025198385,=
-2.980315213415606,3.0,1,3.0,-6.936847025198385,=
-0.20904144454115858,1.0,0,0.0,-10.004536543098,U
-0.40457987449299004,1.584962500721156,0,0.0,-10.004536543098,U
-0.6362191814425753,2.0,0,0.0,-10.004536543098,U
-0.7806630917504522,2.321928094887362,0,0.0,-10.004536543098,U
-0.8841956888572113,2.584962500721156,0,0.0,-10.004536543098,U
-0.9439078583727616,2.807354922057604,0,0.0,-10.004536543098,U
-1.0038994792960096,3.0,0,0.0,-10.004536543098,U
-0.2259347756452792,1.0,0,0.0,-10.421710577444687,q
-1.3023587383686515,1.584962500721156,0,0.0,-10.421710577444687,q
-1.7736136365540407,2.0,0,0.0,-10.421710577444687,q
-1.8975570318669384,2.321928094887362,0,0.0,-10.421710577444687,q
-2.011959334426919,2.584962500721156,0,0.0,-10.421710577444687,q
-0.22980238796084862,1.0,0,0.0,-9.415576547325783,D
-0.5309684539086534,1.584962500721156,0,0.0,-9.415576547325783,D
-0.695208100366898,2.0,0,0.0,-9.415576547325783,D
-0.2541881728004194,1.0,0,0.0,-4.7811615675302095,a
-0.7702465858237337,1.584962500721156,0,0.0,-4.7811615675302095,a
-1.38161370147556,2.0,0,0.0,-4.7811615675302095,a
-1.8425229163042918,2.321928094887362,0,0.0,-4.7811615675302095,a
-2.179140883625818,2.584962500721156,0,0.0,-4.7811615675302095,a
-2.424331909350311,2.807354922057604,0,0.0,-4.7811615675302095,a
-2.544496955081769,3.0,0,0.0,-4.7811615675302095,a
-2.63184250643679,3.169925001442312,0,0.0,-4.7811615675302095,a
-0.25907798548091776,1.0,0,0.0,-10.485087910793538,5
-0.5239384475813722,1.584962500721156,0,0.0,-10.485087910793538,5
-0.6114714127447076,2.0,0,0.0,-10.485087910793538,5
-0.26309344858600436,1.0,1,1.0,-9.238719256986581,[
-0.5789174938968218,1.584962500721156,1,1.584962500721156,-9.238719256986581,[
-0.9078804594029206,2.0,1,2.0,-9.238719256986581,[
-1.1299590267218624,2.321928094887362,1,2.321928094887362,-9.238719256986581,[
-1.2436706809982754,2.584962500721156,1,2.584962500721156,-9.238719256986581,[
-1.3403980957140496,2.807354922057604,1,2.807354922057604,-9.238719256986581,[
-1.4041974708901224,3.0,1,3.0,-9.238719256986581,[
-0.36814416408491013,1.0,0,0.0,-3.833144507052753,e
-0.26952035078052905,1.584962500721156,0,0.0,-3.833144507052753,e
-0.7935450693733372,2.0,0,0.0,-3.833144507052753,e
-1.1639527560211986,2.321928094887362,0,0.0,-3.833144507052753,e
-1.2890497872548083,2.584962500721156,0,0.0,-3.833144507052753,e
-1.6103027681228657,2.807354922057604,0,0.0,-3.833144507052753,e
-1.9250235511540144,3.0,0,0.0,-3.833144507052753,e
-2.0501625344905428,3.169925001442312,0,0.0,-3.833144507052753,e
-3.64300082475739,3.321928094887362,0,0.0,-3.833144507052753,e
-0.2772323420398619,1.0,0,0.0,-5.6271069156659665,d
-0.6384372049425382,1.584962500721156,0,0.0,-5.6271069156659665,d
-1.161875654733608,2.0,0,0.0,-5.6271069156659665,d
-1.498543197693433,2.321928094887362,0,0.0,-5.6271069156659665,d
-1.7540844160430442,2.584962500721156,0,0.0,-5.6271069156659665,d
-2.0988337571961537,2.807354922057604,0,0.0,-5.6271069156659665,d
-2.369843242791559,3.0,0,0.0,-5.6271069156659665,d
-2.5884215359327136,3.169925001442312,0,0.0,-5.6271069156659665,d
-3.603680504298847,3.321928094887362,0,0.0,-5.6271069156659665,d
-0.2821507864035562,1.0,0,0.0,-7.765315520950867,w
-0.743100769844137,1.584962500721156,0,0.0,-7.765315520950867,w
-1.1653221461172683,2.0,0,0.0,-7.765315520950867,w
-1.4892552973051147,2.321928094887362,0,0.0,-7.765315520950867,w
-1.6409868925202096,2.584962500721156,0,0.0,-7.765315520950867,w
-1.7572334964042335,2.807354922057604,0,0.0,-7.765315520950867,w
-1.8649679256007543,3.0,0,0.0,-7.765315520950867,w
-0.288754611423661,1.0,0,0.0,-8.353970874757284,T
-0.4349103330949813,1.584962500721156,0,0.0,-8.353970874757284,T
-0.6326255451193781,2.0,0,0.0,-8.353970874757284,T
-0.7446899641418057,2.321928094887362,0,0.0,-8.353970874757284,T
-0.8931012924031343,2.584962500721156,0,0.0,-8.353970874757284,T
-0.990392839347102,2.807354922057604,0,0.0,-8.353970874757284,T
-1.1012338367538845,3.0,0,0.0,-8.353970874757284,T
-0.2971016366627275,1.0,0,0.0,-9.418240312929088,2
-0.5249053860221071,1.584962500721156,0,0.0,-9.418240312929088,2
-0.6702410651111599,2.0,0,0.0,-9.418240312929088,2
-0.330758412111293,1.0,0,0.0,-8.055981326815857,k
-0.7176302755119872,1.584962500721156,0,0.0,-8.055981326815857,k
-1.3180954321280396,2.0,0,0.0,-8.055981326815857,k
-1.7242558871991331,2.321928094887362,0,0.0,-8.055981326815857,k
-1.9343342004800288,2.584962500721156,0,0.0,-8.055981326815857,k
-2.131577337415475,2.807354922057604,0,0.0,-8.055981326815857,k
-2.305695609169817,3.0,0,0.0,-8.055981326815857,k
-2.4888763048676843,3.169925001442312,0,0.0,-8.055981326815857,k
-0.3355011703284516,1.0,0,0.0,-6.023069043644379,p
-1.0316480612983883,1.584962500721156,0,0.0,-6.023069043644379,p
-1.6336763564447274,2.0,0,0.0,-6.023069043644379,p
-2.0150493058593977,2.321928094887362,0,0.0,-6.023069043644379,p
-2.363252667116205,2.584962500721156,0,0.0,-6.023069043644379,p
-2.612701240904334,2.807354922057604,0,0.0,-6.023069043644379,p
-2.808958751161894,3.0,0,0.0,-6.023069043644379,p
-3.009072436541153,3.169925001442312,0,0.0,-6.023069043644379,p
-0.3533169252455943,1.0,1,1.0,-6.595918164713434,","
-1.0536905193124735,1.584962500721156,1,1.584962500721156,-6.595918164713434,","
-1.7785738412840857,2.0,1,2.0,-6.595918164713434,","
-2.118850512614909,2.321928094887362,1,2.321928094887362,-6.595918164713434,","
-2.495952996300778,2.584962500721156,1,2.584962500721156,-6.595918164713434,","
-2.786812879185044,2.807354922057604,1,2.807354922057604,-6.595918164713434,","
-0.36031213401192375,1.0,1,1.0,-6.5427777618778435,)
-0.8667067740827843,1.584962500721156,1,1.584962500721156,-6.5427777618778435,)
-1.304023222051331,2.0,1,2.0,-6.5427777618778435,)
-1.86246246470634,2.321928094887362,1,2.321928094887362,-6.5427777618778435,)
-2.101539017614394,2.584962500721156,1,2.584962500721156,-6.5427777618778435,)
-2.356553740263184,2.807354922057604,1,2.807354922057604,-6.5427777618778435,)
-2.4873303519832994,3.0,1,3.0,-6.5427777618778435,)
-0.3614898896223524,1.0,0,0.0,-8.49616135920523,N
-0.6459126240857032,1.584962500721156,0,0.0,-8.49616135920523,N
-1.5254814201516762,2.0,0,0.0,-8.49616135920523,N
-2.2107571158945216,2.321928094887362,0,0.0,-8.49616135920523,N
-2.410884460410447,2.584962500721156,0,0.0,-8.49616135920523,N
-2.550506513480615,2.807354922057604,0,0.0,-8.49616135920523,N
-3.1643913857745325,3.0,0,0.0,-8.49616135920523,N
-0.3646825836546048,1.0,0,0.0,-9.327565893751668,C
-0.6773953673943245,1.584962500721156,0,0.0,-9.327565893751668,C
-0.8331782638081338,2.0,0,0.0,-9.327565893751668,C
-0.919233190075631,2.321928094887362,0,0.0,-9.327565893751668,C
-0.3652893199327565,1.0,0,0.0,-10.288051063733985,8
-0.5371269271019106,1.584962500721156,0,0.0,-10.288051063733985,8
-0.3731393234370124,1.0,0,0.0,-11.072566009433478,W
-0.730895025753922,1.584962500721156,0,0.0,-11.072566009433478,W
-1.0111655347567208,2.0,0,0.0,-11.072566009433478,W
-1.1669019444535316,2.321928094887362,0,0.0,-11.072566009433478,W
-1.2780785326256598,2.584962500721156,0,0.0,-11.072566009433478,W
-1.3724480458260064,2.807354922057604,0,0.0,-11.072566009433478,W
-1.4405447239934794,3.0,0,0.0,-11.072566009433478,W
-1.4831379322362768,3.169925001442312,0,0.0,-11.072566009433478,W
-2.344535645955757,3.321928094887362,0,0.0,-11.072566009433478,W
-0.3801498034310917,1.0,0,0.0,-10.468980657365108,4
-0.6044679640379513,1.584962500721156,0,0.0,-10.468980657365108,4
-0.7303624444489127,2.0,0,0.0,-10.468980657365108,4
-0.8080510041705811,2.321928094887362,0,0.0,-10.468980657365108,4
-0.38550760485978586,1.0,0,0.0,-7.876947233342721,x
-0.40497472116477873,1.584962500721156,0,0.0,-7.876947233342721,x
-0.5690752897233917,2.0,0,0.0,-7.876947233342721,x
-0.9339979485184315,2.321928094887362,0,0.0,-7.876947233342721,x
-1.2218921311430613,2.584962500721156,0,0.0,-7.876947233342721,x
-1.400001542125361,2.807354922057604,0,0.0,-7.876947233342721,x
-1.535588011959847,3.0,0,0.0,-7.876947233342721,x
-1.6412879732438963,3.169925001442312,0,0.0,-7.876947233342721,x
-3.003601390827189,3.321928094887362,0,0.0,-7.876947233342721,x
-0.3911328347973697,1.0,0,0.0,-11.665101729859435,K
-0.6170261567661779,1.584962500721156,0,0.0,-11.665101729859435,K
-0.946338066092018,2.0,0,0.0,-11.665101729859435,K
-1.0089546328685142,2.321928094887362,0,0.0,-11.665101729859435,K
-1.0933219268568628,2.584962500721156,0,0.0,-11.665101729859435,K
-1.213292440965093,2.807354922057604,0,0.0,-11.665101729859435,K
-1.2862160933056224,3.0,0,0.0,-11.665101729859435,K
-1.3370615112428066,3.169925001442312,0,0.0,-11.665101729859435,K
-3.155739245677154,3.321928094887362,0,0.0,-11.665101729859435,K
-0.41916237262569833,1.0,0,0.0,-8.539149068780937,0
-1.0211426868426878,1.584962500721156,0,0.0,-8.539149068780937,0
-1.4746091143209226,2.0,0,0.0,-8.539149068780937,0
-1.7433356658255912,2.321928094887362,0,0.0,-8.539149068780937,0
-0.4294705381268997,1.0,1,1.0,-11.409468487407544,{
-1.1254257834175903,1.584962500721156,1,1.584962500721156,-11.409468487407544,{
-1.5753206937746675,2.0,1,2.0,-11.409468487407544,{
-1.8280397037722942,2.321928094887362,1,2.321928094887362,-11.409468487407544,{
-1.9390841837239083,2.584962500721156,1,2.584962500721156,-11.409468487407544,{
-2.0570633484114396,2.807354922057604,1,2.807354922057604,-11.409468487407544,{
-2.1314725905715335,3.0,1,3.0,-11.409468487407544,{
-0.4421869145191035,1.0,0,0.0,-8.676377184678323,S
-0.736415728854042,1.584962500721156,0,0.0,-8.676377184678323,S
-0.9305730886572077,2.0,0,0.0,-8.676377184678323,S
-1.107881160531707,2.321928094887362,0,0.0,-8.676377184678323,S
-1.2014234651390625,2.584962500721156,0,0.0,-8.676377184678323,S
-0.45476557977540644,1.0,0,0.0,-9.052149190134834,R
-0.7758600572862555,1.584962500721156,0,0.0,-9.052149190134834,R
-0.9679514142158627,2.0,0,0.0,-9.052149190134834,R
-1.1121224696269625,2.321928094887362,0,0.0,-9.052149190134834,R
-0.45879721568602605,1.0,0,0.0,-10.893623844130428,G
-0.7311732918663782,1.584962500721156,0,0.0,-10.893623844130428,G
-0.8743956986879855,2.0,0,0.0,-10.893623844130428,G
-0.9765151016359734,2.321928094887362,0,0.0,-10.893623844130428,G
-1.031668556392333,2.584962500721156,0,0.0,-10.893623844130428,G
-0.46455112100166307,1.0,0,0.0,-6.842237433879959,g
-0.7525570547496683,1.584962500721156,0,0.0,-6.842237433879959,g
-1.3141261409618004,2.0,0,0.0,-6.842237433879959,g
-1.6804383058589067,2.321928094887362,0,0.0,-6.842237433879959,g
-1.994286513042768,2.584962500721156,0,0.0,-6.842237433879959,g
-2.2065595525463024,2.807354922057604,0,0.0,-6.842237433879959,g
-2.3729558198502616,3.0,0,0.0,-6.842237433879959,g
-0.4816368779422904,1.0,0,0.0,-9.559882417804937,L
-0.7193236122311655,1.584962500721156,0,0.0,-9.559882417804937,L
-0.898658630565623,2.0,0,0.0,-9.559882417804937,L
-1.125537267208796,2.321928094887362,0,0.0,-9.559882417804937,L
-1.2634646699864929,2.584962500721156,0,0.0,-9.559882417804937,L
-1.3106471320196311,2.807354922057604,0,0.0,-9.559882417804937,L
-0.48899262401475596,1.0,0,0.0,-10.87813859663301,9
-0.5998644008983476,1.584962500721156,0,0.0,-10.87813859663301,9
-0.6197291840690262,2.0,0,0.0,-10.87813859663301,9
-0.5777411831843375,1.0,0,0.0,-8.597275853459841,1
-1.055926438672114,1.584962500721156,0,0.0,-8.597275853459841,1
-1.3748964768728689,2.0,0,0.0,-8.597275853459841,1
-1.5025377304606033,2.321928094887362,0,0.0,-8.597275853459841,1
-0.6067221293122866,1.0,0,0.0,-10.215366609832502,3
-0.8580338402489645,1.584962500721156,0,0.0,-10.215366609832502,3
-0.9929223392539175,2.0,0,0.0,-10.215366609832502,3
-1.0566481746180294,2.321928094887362,0,0.0,-10.215366609832502,3
-0.6417825524894312,1.0,0,0.0,-8.907030502681577,A
-1.0332275659146966,1.584962500721156,0,0.0,-8.907030502681577,A
-1.2655228913098124,2.0,0,0.0,-8.907030502681577,A
-1.4361521562917527,2.321928094887362,0,0.0,-8.907030502681577,A
-1.5582473391494762,2.584962500721156,0,0.0,-8.907030502681577,A
-2.014629681490023,2.807354922057604,0,0.0,-8.907030502681577,A
-0.6491673292146434,1.0,0,0.0,-11.996552598865303,X
-0.9880001245113306,1.584962500721156,0,0.0,-11.996552598865303,X
-1.1685890624266069,2.0,0,0.0,-11.996552598865303,X
-0.6515322326154589,1.0,0,0.0,-9.278339178920369,P
-0.9767645887160192,1.584962500721156,0,0.0,-9.278339178920369,P
-1.1754975171569573,2.0,0,0.0,-9.278339178920369,P
-1.326115868611092,2.321928094887362,0,0.0,-9.278339178920369,P
-1.4067142256128982,2.584962500721156,0,0.0,-9.278339178920369,P
-1.4546068063069928,2.807354922057604,0,0.0,-9.278339178920369,P
-1.520244637477031,3.0,0,0.0,-9.278339178920369,P
-0.7475650703226364,1.0,0,0.0,-9.751477422885714,M
-1.1964685366441845,1.584962500721156,0,0.0,-9.751477422885714,M
-1.4289366984888368,2.0,0,0.0,-9.751477422885714,M
-1.5464090589473631,2.321928094887362,0,0.0,-9.751477422885714,M
-1.6192548102685826,2.584962500721156,0,0.0,-9.751477422885714,M
-0.7496322531253892,1.0,0,0.0,-9.02651974042772,O
-1.1234909491447,1.584962500721156,0,0.0,-9.02651974042772,O
-1.408049798157081,2.0,0,0.0,-9.02651974042772,O
-1.6008380507585658,2.321928094887362,0,0.0,-9.02651974042772,O
-1.8062631066980428,2.584962500721156,0,0.0,-9.02651974042772,O
-0.7705359011208692,1.0,0,0.0,-7.314356362550958,y
-1.3711911859192245,1.584962500721156,0,0.0,-7.314356362550958,y
-1.719461388701621,2.0,0,0.0,-7.314356362550958,y
-1.947492037060428,2.321928094887362,0,0.0,-7.314356362550958,y
-2.1254254271370883,2.584962500721156,0,0.0,-7.314356362550958,y
-2.4091073324163492,2.807354922057604,0,0.0,-7.314356362550958,y
-2.6032781046417703,3.0,0,0.0,-7.314356362550958,y
-2.8497005806855764,3.169925001442312,0,0.0,-7.314356362550958,y
-0.7790076963392689,1.0,1,1.0,-10.59652142419991,<
-1.3779005623760217,1.584962500721156,1,1.584962500721156,-10.59652142419991,<
-1.6292366258362883,2.0,1,2.0,-10.59652142419991,<
-1.792290030655872,2.321928094887362,1,2.321928094887362,-10.59652142419991,<
-1.9120834948395142,2.584962500721156,1,2.584962500721156,-10.59652142419991,<
-0.8344105346749586,1.0,1,1.0,-9.236837071408605,]
-1.3764205256798814,1.584962500721156,1,1.584962500721156,-9.236837071408605,]
-1.8888228650596268,2.0,1,2.0,-9.236837071408605,]
-2.1586625883063366,2.321928094887362,1,2.321928094887362,-9.236837071408605,]
-2.319041384452344,2.584962500721156,1,2.584962500721156,-9.236837071408605,]
-0.9006147724550244,1.0,0,0.0,-9.583606611868733,j
-2.21659197790074,1.584962500721156,0,0.0,-9.583606611868733,j
-2.8264231774317663,2.0,0,0.0,-9.583606611868733,j
-3.2196955495230304,2.321928094887362,0,0.0,-9.583606611868733,j
-3.595199515261732,2.584962500721156,0,0.0,-9.583606611868733,j
-3.7787650321077573,2.807354922057604,0,0.0,-9.583606611868733,j
-3.9687786074434497,3.0,0,0.0,-9.583606611868733,j
-4.199380259591732,3.169925001442312,0,0.0,-9.583606611868733,j
-5.365943672191377,3.321928094887362,0,0.0,-9.583606611868733,j
-0.9021340986860231,1.0,0,0.0,-12.91905303093079,Z
-1.2913926838932603,1.584962500721156,0,0.0,-12.91905303093079,Z
-1.5104896386296733,2.0,0,0.0,-12.91905303093079,Z
-1.6592258314539077,2.321928094887362,0,0.0,-12.91905303093079,Z
-1.781457314029618,2.584962500721156,0,0.0,-12.91905303093079,Z
-1.8828222846344307,2.807354922057604,0,0.0,-12.91905303093079,Z
-1.9678533430455065,3.0,0,0.0,-12.91905303093079,Z
-2.0373804917947798,3.169925001442312,0,0.0,-12.91905303093079,Z
-2.811247565511705,3.321928094887362,0,0.0,-12.91905303093079,Z
-0.904463605784267,1.0,1,1.0,-11.406291909887367,}
-1.303779896893131,1.584962500721156,1,1.584962500721156,-11.406291909887367,}
-1.7685861399530491,2.0,1,2.0,-11.406291909887367,}
-2.083297209709041,2.321928094887362,1,2.321928094887362,-11.406291909887367,}
-2.2933745028982706,2.584962500721156,1,2.584962500721156,-11.406291909887367,}
-2.366986423193122,2.807354922057604,1,2.807354922057604,-11.406291909887367,}
-2.458851886888233,3.0,1,3.0,-11.406291909887367,}
-0.9133222268316086,1.0,1,1.0,-12.44923243210432,|
-1.1197548066987189,1.584962500721156,1,1.584962500721156,-12.44923243210432,|
-1.2269464292945411,2.0,1,2.0,-12.44923243210432,|
-0.9267970072970488,1.0,1,1.0,-8.020031150247949,-
-1.226427420493465,1.584962500721156,1,1.584962500721156,-8.020031150247949,-
-1.3569121887095736,2.0,1,2.0,-8.020031150247949,-
-1.5526092210353681,2.321928094887362,1,2.321928094887362,-8.020031150247949,-
-0.9414042998896957,1.0,0,0.0,-9.49742830131407,F
-1.6786177818709263,1.584962500721156,0,0.0,-9.49742830131407,F
-2.010919134967235,2.0,0,0.0,-9.49742830131407,F
-2.177113631350297,2.321928094887362,0,0.0,-9.49742830131407,F
-2.2968289041953476,2.584962500721156,0,0.0,-9.49742830131407,F
-2.4083781975797667,2.807354922057604,0,0.0,-9.49742830131407,F
-0.9443042210006016,1.0,1,1.0,-9.838709350639844,/
-1.2707846959275297,1.584962500721156,1,1.584962500721156,-9.838709350639844,/
-1.3673638110145596,2.0,1,2.0,-9.838709350639844,/
-1.4267973710891013,2.321928094887362,1,2.321928094887362,-9.838709350639844,/
-1.0048959667615431,1.0,1,1.0,-10.06921285268659,+
-1.6332818210909004,1.584962500721156,1,1.584962500721156,-10.06921285268659,+
-1.951409891895958,2.0,1,2.0,-10.06921285268659,+
-2.212237483387037,2.321928094887362,1,2.321928094887362,-10.06921285268659,+
-2.3839232529074987,2.584962500721156,1,2.584962500721156,-10.06921285268659,+
-1.0508106180062224,1.0,1,1.0,-10.116448792839591,%
-1.713221494574353,1.584962500721156,1,1.584962500721156,-10.116448792839591,%
-2.3621865587522626,2.0,1,2.0,-10.116448792839591,%
-3.221792627371321,2.321928094887362,1,2.321928094887362,-10.116448792839591,%
-3.673096180363088,2.584962500721156,1,2.584962500721156,-10.116448792839591,%
-1.082265294687577,1.0,1,1.0,-9.41850696019736,*
-1.5406639575728782,1.584962500721156,1,1.584962500721156,-9.41850696019736,*
-1.7479580277381714,2.0,1,2.0,-9.41850696019736,*
-1.9418352352408803,2.321928094887362,1,2.321928094887362,-9.41850696019736,*
-2.147413931160715,2.584962500721156,1,2.584962500721156,-9.41850696019736,*
-2.4598582456082596,2.807354922057604,1,2.807354922057604,-9.41850696019736,*
-2.7780146054670904,3.0,1,3.0,-9.41850696019736,*
-3.082505000956532,3.169925001442312,1,3.169925001442312,-9.41850696019736,*
-1.4914968353400972,1.0,1,1.0,-13.630095280031522,&
-1.8767728678730684,1.584962500721156,1,1.584962500721156,-13.630095280031522,&
-2.0963204748082607,2.0,1,2.0,-13.630095280031522,&
-2.2592609308150866,2.321928094887362,1,2.321928094887362,-13.630095280031522,&
-2.4694998390607683,2.584962500721156,1,2.584962500721156,-13.630095280031522,&
-2.539887547472725,2.807354922057604,1,2.807354922057604,-13.630095280031522,&
-2.5769999478061862,3.0,1,3.0,-13.630095280031522,&
-1.9069134511336001,1.0,1,1.0,-9.386073630468715,>
-3.5216369493144457,1.584962500721156,1,1.584962500721156,-9.386073630468715,>
-3.8111064657071028,2.0,1,2.0,-9.386073630468715,>
-3.9286081286882917,2.321928094887362,1,2.321928094887362,-9.386073630468715,>
-3.9882114461295073,2.584962500721156,1,2.584962500721156,-9.386073630468715,>
-4.0333431332030285,2.807354922057604,1,2.807354922057604,-9.386073630468715,>
-4.057581143332313,3.0,1,3.0,-9.386073630468715,>
-2.6159947471473313,1.0,0,0.0,-10.238719256986581,z
-4.207633133874213,1.584962500721156,0,0.0,-10.238719256986581,z
-4.798761931995488,2.0,0,0.0,-10.238719256986581,z
-5.098827100338806,2.321928094887362,0,0.0,-10.238719256986581,z
-5.344161831418553,2.584962500721156,0,0.0,-10.238719256986581,z
-5.532969781301807,2.807354922057604,0,0.0,-10.238719256986581,z
